{
  "decoder_name": "nemo",
  "model_name": "videochatflash",
  "total_evaluations": 199,
  "successful_evaluations": 199,
  "error_rate": 0.0,
  "coarse_grained_stats": {
    "mean": 0.590699,
    "min": 0.325589,
    "max": 0.772955,
    "std": 0.085391
  },
  "timestamp": "2025-11-13T20:53:50.636342",
  "fine_grained_stats": {
    "precision": {
      "mean": 0.566745,
      "std": 0.056745,
      "min": 0.40705,
      "max": 0.744193
    },
    "recall": {
      "mean": 0.488555,
      "std": 0.051649,
      "min": 0.343803,
      "max": 0.637856
    },
    "f1": {
      "mean": 0.523797,
      "std": 0.049293,
      "min": 0.373931,
      "max": 0.66379
    }
  },
  "hybrid_stats": {
    "hm_cf": {
      "mean": 0.553515,
      "std": 0.060648,
      "min": 0.392529,
      "max": 0.700334
    }
  }
}