{
  "decoder_name": "qwen3-8b",
  "model_name": "Qwen2.5-32B",
  "total_evaluations": 199,
  "successful_evaluations": 199,
  "error_rate": 0.0,
  "coarse_grained_stats": {
    "mean": 0.660829,
    "min": 0.431545,
    "max": 0.820876,
    "std": 0.063673
  },
  "timestamp": "2025-11-13T21:42:40.176656",
  "fine_grained_stats": {
    "precision": {
      "mean": 0.652942,
      "std": 0.034626,
      "min": 0.503624,
      "max": 0.74083
    },
    "recall": {
      "mean": 0.648984,
      "std": 0.035047,
      "min": 0.558304,
      "max": 0.744274
    },
    "f1": {
      "mean": 0.650413,
      "std": 0.029348,
      "min": 0.551964,
      "max": 0.720646
    }
  },
  "hybrid_stats": {
    "hm_cf": {
      "mean": 0.654575,
      "std": 0.042402,
      "min": 0.484383,
      "max": 0.74765
    }
  }
}