{
  "decoder_name": "gte-qwen2-7b",
  "model_name": "minicpm",
  "total_evaluations": 199,
  "successful_evaluations": 199,
  "error_rate": 0.0,
  "coarse_grained_stats": {
    "mean": 0.669845,
    "min": 0.481939,
    "max": 0.813366,
    "std": 0.058458
  },
  "timestamp": "2025-11-13T19:22:45.895924",
  "fine_grained_stats": {
    "precision": {
      "mean": 0.545531,
      "std": 0.042309,
      "min": 0.378093,
      "max": 0.652067
    },
    "recall": {
      "mean": 0.558866,
      "std": 0.043682,
      "min": 0.448136,
      "max": 0.684157
    },
    "f1": {
      "mean": 0.551385,
      "std": 0.038169,
      "min": 0.425869,
      "max": 0.665042
    }
  },
  "hybrid_stats": {
    "hm_cf": {
      "mean": 0.603889,
      "std": 0.040728,
      "min": 0.478386,
      "max": 0.710803
    }
  }
}