{
  "decoder_name": "qwen3-8b",
  "model_name": "internvl",
  "total_evaluations": 199,
  "successful_evaluations": 199,
  "error_rate": 0.0,
  "coarse_grained_stats": {
    "mean": 0.610772,
    "min": 0.115013,
    "max": 0.82823,
    "std": 0.083648
  },
  "timestamp": "2025-11-13T21:11:30.684829",
  "fine_grained_stats": {
    "precision": {
      "mean": 0.626511,
      "std": 0.045597,
      "min": 0.374171,
      "max": 0.733199
    },
    "recall": {
      "mean": 0.626357,
      "std": 0.053006,
      "min": 0.284328,
      "max": 0.744337
    },
    "f1": {
      "mean": 0.625807,
      "std": 0.045993,
      "min": 0.32312,
      "max": 0.720298
    }
  },
  "hybrid_stats": {
    "hm_cf": {
      "mean": 0.616417,
      "std": 0.063856,
      "min": 0.179694,
      "max": 0.758958
    }
  }
}