{
  "decoder_name": "nemo",
  "model_name": "mplug",
  "total_evaluations": 199,
  "successful_evaluations": 199,
  "error_rate": 0.0,
  "coarse_grained_stats": {
    "mean": 0.673048,
    "min": 0.443431,
    "max": 0.845985,
    "std": 0.079888
  },
  "timestamp": "2025-11-13T20:31:06.870117",
  "fine_grained_stats": {
    "precision": {
      "mean": 0.572947,
      "std": 0.051926,
      "min": 0.421728,
      "max": 0.743323
    },
    "recall": {
      "mean": 0.53961,
      "std": 0.04764,
      "min": 0.418127,
      "max": 0.660364
    },
    "f1": {
      "mean": 0.554959,
      "std": 0.044808,
      "min": 0.44565,
      "max": 0.670438
    }
  },
  "hybrid_stats": {
    "hm_cf": {
      "mean": 0.607181,
      "std": 0.054994,
      "min": 0.444538,
      "max": 0.731959
    }
  }
}